code,system
S629100,readv2
S623.00,readv2
S750100,readv2
S761100,readv2
S760100,readv2
S760111,readv2
S629000,readv2
S621.00,readv2
S751100,readv2
S740100,readv2
F42y400,readv2
G617.00,readv2
G602.00,readv2
G620.00,readv2
G610.00,readv2
S62..13,readv2
SP21.00,readv2
G61..00,readv2
F42y100,readv2
G61z.00,readv2
G601.00,readv2
G618.00,readv2
F436100,readv2
S627.00,readv2
G613.00,readv2
F4K2800,readv2
G62z.00,readv2
G614.00,readv2
S628.00,readv2
G623.00,readv2
G60..00,readv2
G615.00,readv2
Gyu6200,readv2
F404500,readv2
G61..11,readv2
F42y500,readv2
G621.00,readv2
FyuH400,readv2
G605.00,readv2
F42y300,readv2
S62..12,readv2
G61..12,readv2
G682.00,readv2
2BB8.00,readv2
G606.00,readv2
F42y.11,readv2
F436000,readv2
2BB5.00,readv2
Gyu6100,readv2
G62..00,readv2
G612.00,readv2
G60z.00,readv2
G680.00,readv2
15A1.00,readv2
15A6.00,readv2
H356,readv2
I60,readv2
T810,readv2
I690,readv2
H431,readv2
S066,readv2
I62,readv2
I692,readv2
H450,readv2
I61,readv2
S065,readv2
F424300,readv2
F437200,readv2
7004200,readv2
A053,readv2
L357000,readv2
L357.00,readv2
O717,readv2
G611.00,readv2
G616.00,readv2
G600.00,readv2
L345.12,readv2
L345100,readv2
L345z00,readv2
L345000,readv2
L345.00,readv2
L357100,readv2
Gyu6F00,readv2
G61X.00,readv2
G604.00,readv2
G603.00,readv2
7M0G000,readv2
Y221,readv2
7M0G400,readv2
7303000,readv2
7303200,readv2
D041,readv2
7008200,readv2
A103,readv2
S622.00,readv2
S620.00,readv2
L443.11,readv2
L345.11,readv2
SE...11,readv2
K13y800,readv2
K275100,readv2
SE4z.12,readv2
SE22300,readv2
SE45.11,readv2
K138300,readv2
SE4z.11,readv2
F503100,readv2
K286v00,readv2
7G2H400,readv2
SE33200,readv2
7G31400,readv2
ZA13600,readv2
ZA13700,readv2
ZA13800,readv2
SE33011,readv2
G844.11,readv2
7736000,readv2
SE23111,readv2
H531,readv2
L394600,readv2
O902,readv2
K575.00,readv2
7D05200,readv2
P093,readv2
K31y000,readv2
K286000,readv2
SE46.00,readv2
K286300,readv2
S629.00,readv2
G622.00,readv2
7004300,readv2
A054,readv2
7032000,readv2
S62A.00,readv2
A401,readv2
7004100,readv2
A052,readv2
7017000,readv2
A411,readv2
K537.00,readv2
N837,readv2
S630.12,readv2
7J01300,readv2
7H22600,readv2
7M0U400,readv2
SP21.12,readv2
SP21.11,readv2
SP21200,readv2
SP21100,readv2
T032,readv2
V032,readv2
T301,readv2
Y321,readv2
7531400,readv2
F365,readv2
14CA.11,readv2
7421300,readv2
E203,readv2
14C9.00,readv2
14C8.00,readv2
7517500,readv2
F162,readv2